-- phpMyAdmin SQL Dump
-- version 3.4.10.1
-- http://www.phpmyadmin.net
--
-- 主机: localhost
-- 生成日期: 2017 年 11 月 09 日 05:57
-- 服务器版本: 5.5.20
-- PHP 版本: 5.3.10

SET SQL_MODE="NO_AUTO_VALUE_ON_ZERO";
SET time_zone = "+00:00";


/*!40101 SET @OLD_CHARACTER_SET_CLIENT=@@CHARACTER_SET_CLIENT */;
/*!40101 SET @OLD_CHARACTER_SET_RESULTS=@@CHARACTER_SET_RESULTS */;
/*!40101 SET @OLD_COLLATION_CONNECTION=@@COLLATION_CONNECTION */;
/*!40101 SET NAMES utf8 */;

--
-- 数据库: `test`
--

-- --------------------------------------------------------

--
-- 表的结构 `boss`
--

CREATE TABLE IF NOT EXISTS `boss` (
  `bossname` text NOT NULL,
  `bossinfo` text NOT NULL,
  `bosslv` text NOT NULL,
  `bosshp` varchar(255) NOT NULL,
  `bossmaxhp` varchar(255) NOT NULL,
  `bossgj` varchar(255) NOT NULL,
  `bossfy` varchar(255) NOT NULL,
  `bossbj` varchar(255) NOT NULL,
  `bossxx` varchar(255) NOT NULL,
  `bosszb` varchar(255) NOT NULL,
  `bossdj` varchar(255) NOT NULL,
  `bossid` int(10) unsigned NOT NULL AUTO_INCREMENT,
  `bs` int(255) NOT NULL,
  `bosstime` datetime NOT NULL,
  PRIMARY KEY (`bossid`)
) ENGINE=MyISAM  DEFAULT CHARSET=gb2312 AUTO_INCREMENT=3 ;

-- --------------------------------------------------------

--
-- 表的结构 `club`
--

CREATE TABLE IF NOT EXISTS `club` (
  `clubname` varchar(255) NOT NULL,
  `clubinfo` varchar(255) NOT NULL,
  `clublv` varchar(255) NOT NULL,
  `clubid` int(11) NOT NULL,
  `clubno1` int(11) NOT NULL
) ENGINE=MyISAM DEFAULT CHARSET=utf8;

-- --------------------------------------------------------

--
-- 表的结构 `clubplayer`
--

CREATE TABLE IF NOT EXISTS `clubplayer` (
  `clubid` int(11) NOT NULL,
  `sid` varchar(255) NOT NULL,
  `uid` int(11) NOT NULL,
  `uclv` int(11) NOT NULL
) ENGINE=MyISAM DEFAULT CHARSET=utf8;

-- --------------------------------------------------------

--
-- 表的结构 `daoju`
--

CREATE TABLE IF NOT EXISTS `daoju` (
  `djname` varchar(255) NOT NULL,
  `djzl` varchar(255) NOT NULL,
  `djinfo` varchar(255) NOT NULL,
  `djid` int(11) NOT NULL AUTO_INCREMENT,
  `djyxb` int(11) NOT NULL,
  PRIMARY KEY (`djid`)
) ENGINE=MyISAM  DEFAULT CHARSET=utf8 AUTO_INCREMENT=13 ;

--
-- 转存表中的数据 `daoju`
--

INSERT INTO `daoju` (`djname`, `djzl`, `djinfo`, `djid`, `djyxb`) VALUES
('强化石', '2', '用于强化装备', 1, 0),
('技能残页-攻击', '', '兑换攻击技能', 6, 0),
('技能残页-防御', '', '兑换防御技能', 7, 0),
('技能残页-爆击', '', '兑换暴击技能', 9, 0),
('技能残页-嗜血', '', '兑换嗜血技能', 10, 0),
('技能残页-天空斩', '', '兑换天空斩', 11, 0),
('[神器]天空剑碎片', '', '[神器]天空剑碎片', 12, 0);

-- --------------------------------------------------------

--
-- 表的结构 `duihuan`
--

CREATE TABLE IF NOT EXISTS `duihuan` (
  `dhid` int(10) NOT NULL DEFAULT '0',
  `dhm` varchar(100) DEFAULT NULL,
  `dhzb` varchar(100) DEFAULT NULL,
  `dhdj` int(10) DEFAULT NULL,
  `dhyp` varchar(100) DEFAULT NULL,
  `dhyxb` int(10) DEFAULT NULL,
  `dhczb` varchar(100) DEFAULT NULL,
  `dhname` varchar(100) DEFAULT NULL,
  `dhexp` int(10) DEFAULT NULL,
  PRIMARY KEY (`dhid`)
) ENGINE=InnoDB DEFAULT CHARSET=utf8;

-- --------------------------------------------------------

--
-- 表的结构 `exp`
--

CREATE TABLE IF NOT EXISTS `exp` (
  `ulv` text NOT NULL,
  `uexp` text NOT NULL
) ENGINE=MyISAM DEFAULT CHARSET=gb2312;

-- --------------------------------------------------------

--
-- 表的结构 `fangshi_dj`
--

CREATE TABLE IF NOT EXISTS `fangshi_dj` (
  `djid` int(11) NOT NULL,
  `djcount` int(11) NOT NULL,
  `uid` int(11) NOT NULL,
  `pay` int(11) NOT NULL,
  `payid` int(11) unsigned NOT NULL AUTO_INCREMENT,
  `djname` varchar(255) NOT NULL,
  PRIMARY KEY (`payid`)
) ENGINE=MyISAM  DEFAULT CHARSET=utf8 AUTO_INCREMENT=2 ;

-- --------------------------------------------------------

--
-- 表的结构 `fangshi_zb`
--

CREATE TABLE IF NOT EXISTS `fangshi_zb` (
  `zbnowid` int(11) NOT NULL,
  `zbname` varchar(255) NOT NULL,
  `qianghua` int(11) NOT NULL,
  `pay` int(11) NOT NULL,
  `payid` int(11) NOT NULL,
  `zbinfo` varchar(255) NOT NULL,
  `zbgj` int(11) NOT NULL,
  `zbfy` int(11) NOT NULL,
  `zbbj` int(11) NOT NULL,
  `zbxx` int(11) NOT NULL,
  `zbid` int(11) NOT NULL,
  `uid` int(11) NOT NULL,
  `sid` int(11) NOT NULL,
  `zbhp` int(11) NOT NULL,
  `zblv` int(11) NOT NULL
) ENGINE=MyISAM DEFAULT CHARSET=utf8;

-- --------------------------------------------------------

--
-- 表的结构 `fb`
--

CREATE TABLE IF NOT EXISTS `fb` (
  `fbname` varchar(255) NOT NULL,
  `fbid` int(11) NOT NULL,
  `fbinfo` varchar(255) DEFAULT NULL,
  PRIMARY KEY (`fbid`)
) ENGINE=MyISAM DEFAULT CHARSET=utf8mb4;

--
-- 转存表中的数据 `fb`
--

INSERT INTO `fb` (`fbname`, `fbid`, `fbinfo`) VALUES
('测试副本', 0, '测试用的副本');

-- --------------------------------------------------------

--
-- 表的结构 `fbmid`
--

CREATE TABLE IF NOT EXISTS `fbmid` (
  `fmname` varchar(255) NOT NULL,
  `fmid` int(11) NOT NULL,
  `fminfo` varchar(255) NOT NULL,
  `fmnpc` varchar(255) NOT NULL,
  `fmgw` varchar(255) NOT NULL
) ENGINE=MyISAM DEFAULT CHARSET=utf8mb4;

-- --------------------------------------------------------

--
-- 表的结构 `game1`
--

CREATE TABLE IF NOT EXISTS `game1` (
  `uid` int(11) NOT NULL AUTO_INCREMENT,
  `sid` text CHARACTER SET utf8 NOT NULL,
  `token` text CHARACTER SET utf8 NOT NULL,
  `uname` text CHARACTER SET utf8 NOT NULL,
  `ulv` int(10) unsigned NOT NULL DEFAULT '1',
  `uyxb` int(11) NOT NULL DEFAULT '2000',
  `uexp` int(11) NOT NULL DEFAULT '0',
  `vip` int(11) NOT NULL DEFAULT '0',
  `uhp` int(11) NOT NULL DEFAULT '35',
  `umaxhp` int(11) NOT NULL DEFAULT '35',
  `ugj` int(11) NOT NULL DEFAULT '12',
  `ufy` int(11) NOT NULL DEFAULT '5',
  `usex` int(11) NOT NULL DEFAULT '1',
  `endtime` datetime NOT NULL,
  `nowmid` int(11) NOT NULL DEFAULT '225',
  `uwx` int(11) NOT NULL DEFAULT '0',
  `nowguaiwu` int(11) NOT NULL,
  `tool1` int(11) NOT NULL,
  `tool2` int(11) NOT NULL,
  `tool3` int(11) NOT NULL,
  `tool4` int(11) NOT NULL,
  `tool5` int(11) NOT NULL,
  `tool6` int(11) NOT NULL,
  `ubj` int(11) NOT NULL DEFAULT '0',
  `uxx` int(11) NOT NULL DEFAULT '0',
  `sfzx` int(11) NOT NULL DEFAULT '0',
  `qandaotime` datetime NOT NULL,
  `sfxl` int(11) NOT NULL DEFAULT '0',
  `yp1` int(11) NOT NULL,
  `yp2` int(11) NOT NULL,
  `yp3` int(11) NOT NULL,
  `cw` int(11) NOT NULL,
  `jn1` int(11) NOT NULL,
  `jn2` int(11) NOT NULL,
  `jn3` int(11) NOT NULL,
  `ispvp` int(11) NOT NULL DEFAULT '0',
  PRIMARY KEY (`uid`)
) ENGINE=InnoDB DEFAULT CHARSET=gb2312 AUTO_INCREMENT=1 ;

-- --------------------------------------------------------

--
-- 表的结构 `gameconfig`
--

CREATE TABLE IF NOT EXISTS `gameconfig` (
  `firstmid` int(11) NOT NULL
) ENGINE=MyISAM DEFAULT CHARSET=utf8mb4;

--
-- 转存表中的数据 `gameconfig`
--

INSERT INTO `gameconfig` (`firstmid`) VALUES
(225);

-- --------------------------------------------------------

--
-- 表的结构 `ggliaotian`
--

CREATE TABLE IF NOT EXISTS `ggliaotian` (
  `name` text NOT NULL,
  `msg` text CHARACTER SET utf8mb4 NOT NULL,
  `id` int(255) NOT NULL AUTO_INCREMENT,
  `uid` int(11) NOT NULL,
  PRIMARY KEY (`id`)
) ENGINE=MyISAM  DEFAULT CHARSET=utf8 AUTO_INCREMENT=4102 ;

--
-- 转存表中的数据 `ggliaotian`
--

INSERT INTO `ggliaotian` (`name`, `msg`, `id`, `uid`) VALUES
('世界', '芒果不忙踏上了天空之城', 4072, 0),
('世界', '柠檬不萌踏上了天空之城', 4073, 0),
('芒果不忙', '哈哈，冲级冲级', 4074, 4),
('世界', '阿萨踏上了天空之城', 4075, 0),
('百晓生', '阿萨 被 芒果不忙 打的落花流水', 4076, 0),
('阿萨', '不要打我', 4077, 6),
('芒果不忙', '好吧', 4078, 4),
('芒果不忙', '好像不能治疗呢', 4079, 4),
('芒果不忙', '来人PK阿', 4080, 4),
('阿萨', '来打架', 4081, 6),
('阿萨', '你在哪里', 4082, 6),
('世界', '绿叶踏上了天空之城', 4083, 0),
('世界', '622wwwe踏上了天空之城', 4084, 0),
('622wwwe', '任务在哪。', 4085, 8),
('世界', 'wwwwwww踏上了天空之城', 4086, 0),
('芒果不忙', '来把幽梦', 4087, 4),
('世界', '黑黑踏上了天空之城', 4088, 0),
('芒果不忙', '来村口打架', 4089, 4),
('世界', '随风而行踏上了天空之城', 4090, 0),
('世界', '浮云踏上了天空之城', 4091, 0),
('世界', '包子哥踏上了天空之城', 4092, 0),
('世界', '试试撒踏上了天空之城', 4093, 0),
('试试撒', '谁在', 4094, 14),
('世界', '打算收到踏上了天空之城', 4095, 0),
('世界', '似懂非懂踏上了天空之城', 4096, 0),
('世界', '对对对踏上了天空之城', 4097, 0),
('对对对', '0.0', 4098, 17),
('世界', '123456踏上了天空之城', 4099, 0),
('世界', '多少单踏上了天空之城', 4100, 0),
('多少单', '123', 4101, 19);

-- --------------------------------------------------------

--
-- 表的结构 `guaiwu`
--

CREATE TABLE IF NOT EXISTS `guaiwu` (
  `gname` text CHARACTER SET utf8 NOT NULL,
  `glv` text NOT NULL,
  `id` int(11) NOT NULL AUTO_INCREMENT,
  `ginfo` text CHARACTER SET utf8 NOT NULL,
  `gsex` varchar(255) NOT NULL,
  `ghp` int(11) NOT NULL,
  `ggj` int(11) NOT NULL,
  `gfy` int(11) NOT NULL,
  `gbj` int(11) NOT NULL,
  `gxx` int(11) NOT NULL,
  `gzb` text NOT NULL,
  `dljv` int(11) NOT NULL,
  `gdj` text NOT NULL,
  `djjv` int(11) NOT NULL,
  `gyp` text NOT NULL,
  `ypjv` int(11) NOT NULL,
  PRIMARY KEY (`id`)
) ENGINE=MyISAM  DEFAULT CHARSET=gb2312 AUTO_INCREMENT=99 ;

--
-- 转存表中的数据 `guaiwu`
--

INSERT INTO `guaiwu` (`gname`, `glv`, `id`, `ginfo`, `gsex`, `ghp`, `ggj`, `gfy`, `gbj`, `gxx`, `gzb`, `dljv`, `gdj`, `djjv`, `gyp`, `ypjv`) VALUES
('探险家', '1', 55, '来自天空的神秘人士', '男', 40, 5, 3, 0, 0, '23', 10, '1', 30, '6', 8),
('迅捷斥候', '1', 56, '来自天空的神秘人士', '男', 40, 4, 4, 0, 0, '24', 10, '1', 2, '', 0),
('瘟疫之源', '2', 57, '来自天空的神秘人士', '男', 70, 8, 6, 0, 0, '25', 10, '1', 3, '', 0),
('忙僧', '3', 58, '来自天空的神秘人士', '男', 110, 15, 7, 0, 0, '26', 10, '1', 4, '', 0),
('德邦总管', '6', 62, '来自天空的神秘人士', '男', 190, 23, 19, 0, 0, '27', 20, '1', 5, '', 0),
('祖安狂人', '5', 61, '来自天空的神秘人士', '男', 160, 22, 16, 0, 0, '27', 20, '1', 5, '', 0),
('时间刺客', '7', 63, '来自天空的神秘人士', '男', 220, 27, 22, 0, 0, '27', 20, '1,6', 8, '', 0),
('无双剑姬', '8', 64, '来自天空的神秘人士', '女', 250, 32, 25, 0, 0, '29', 20, '1,6', 7, '', 0),
('潮汐海灵', '9', 65, '来自天空的神秘人士', '女', 280, 35, 28, 0, 0, '30', 21, '6', 17, '', 0),
('海洋之灾', '12', 66, '来自天空的神秘人士', '男', 370, 46, 37, 0, 0, '32', 21, '1', 6, '', 0),
('德玛西亚之力', '10', 67, '来自天空的神秘人士', '男', 310, 38, 31, 0, 0, '31', 21, '1', 5, '', 0),
('迷失之牙', '13', 69, '来自天空的神秘人士', '男', 400, 49, 40, 0, 0, '', 22, '1', 6, '', 0),
('战争之影', '16', 70, '来自天空的神秘人士', '男', 490, 61, 50, 0, 0, '36', 22, '', 5, '6', 5),
('刀锋意志', '17', 71, '来自天空的神秘人士', '女', 520, 65, 53, 0, 0, '', 5, '1', 5, '', 5),
('德玛西亚皇子', '18', 72, '来自天空的神秘人士', '男', 550, 68, 56, 0, 0, '', 5, '7', 20, '', 5),
('武器大师', '19', 73, '来自天空的神秘人士', '男', 580, 72, 59, 0, 0, '37', 5, '1,7', 5, '7', 5),
('未来守护者', '20', 74, '来自天空的神秘人士', '男', 610, 76, 62, 0, 0, '', 5, '7', 5, '', 5),
('审判天使', '21', 75, '来自天空的神秘人士', '女', 640, 80, 65, 0, 0, '33', 20, '1,7', 20, '7', 20),
('虚空掠夺者', '21', 76, '来自天空的神秘人士', '男', 640, 80, 65, 0, 0, '34,35', 7, '1', 7, '7', 7),
('若克萨斯之手', '22', 77, '来自天空的神秘人士', '男', 670, 84, 68, 0, 0, '35', 7, '1', 7, '7', 7),
('熔岩巨兽', '23', 78, '来自天空的神秘人士', '男', 700, 87, 71, 0, 0, '', 7, '1', 6, '', 7),
('皎月女神', '24', 79, '来自天空的神秘人士', '女', 730, 91, 74, 0, 0, '', 7, '1', 6, '', 7),
('齐天大圣', '26', 80, '来自天空的神秘人士', '男', 790, 99, 81, 0, 0, '', 7, '1', 6, '', 7),
('铁铠冥魂', '27', 81, '来自天空的神秘人士', '男', 820, 103, 84, 0, 0, '', 7, '1', 8, '', 7),
('沙漠死神', '28', 82, '来自天空的神秘人士', '男', 850, 106, 87, 0, 0, '', 7, '1,10', 7, '', 7),
('狂野女猎手', '29', 83, '来自天空的神秘人士', '女', 880, 110, 90, 0, 0, '38', 7, '9', 20, '', 7),
('永恒梦魇', '30', 84, '来自天空的神秘人士', '男', 1510, 204, 183, 0, 0, '39', 8, '1', 9, '', 8),
('雪人骑士', '31', 85, '来自天空的神秘人士', '男', 1560, 211, 189, 0, 0, '40', 8, '1', 8, '', 8),
('狂战士', '32', 86, '来自天空的神秘人士', '男', 1610, 218, 195, 0, 0, '41', 8, '1', 9, '', 8),
('战争之王', '33', 87, '来自天空的神秘人士', '男', 1660, 224, 201, 0, 0, '42', 9, '1', 9, '8', 9),
('荒漠屠夫', '34', 88, '来自天空的神秘人士', '男', 2000, 150, 330, 0, 0, '44', 9, '1', 9, '8', 9),
('放逐之刃', '35', 89, '来自天空的神秘人士', '男', 1760, 238, 214, 0, 0, '', 5, '1', 5, '', 5),
('未来守护者', '37', 90, '来自天空的神秘人士', '男', 1860, 252, 226, 0, 0, '', 5, '1', 5, '9', 5),
('暗裔剑魔', '38', 91, '来自天空的神秘人士', '男', 1910, 258, 232, 0, 0, '43', 5, '1', 5, '', 5),
('诡术妖姬', '39', 92, '来自天空的神秘人士', '女', 1960, 265, 238, 0, 0, '', 5, '1', 5, '', 5),
('远古巫灵', '40', 93, '来自天空的神秘人士', '男', 2010, 272, 244, 0, 0, '', 5, '1', 10, '', 5),
('刀锋之影', '55', 94, '来自天空的神秘人士', '男', 5860, 594, 558, 0, 0, '', 8, '12', 1, '', 8),
('暗夜猎手', '56', 95, '来自天空的神秘人士', '女', 4530, 653, 454, 0, 0, '', 5, '12', 1, '', 5),
('疾风剑豪', '45', 96, '来自天空的神秘人士', '男', 2260, 306, 275, 0, 0, '46', 5, '1', 5, '', 5),
('影流之主', '47', 97, '来自天空的神秘人士', '男', 2360, 320, 287, 0, 0, '47', 5, '', 5, '', 5),
('无剑剑圣', '50', 98, '来自天空的神秘人士', '男', 3510, 440, 405, 0, 0, '48', 5, '', 5, '', 5);

-- --------------------------------------------------------

--
-- 表的结构 `im`
--

CREATE TABLE IF NOT EXISTS `im` (
  `imuid` int(11) NOT NULL DEFAULT '0',
  `uid` int(11) DEFAULT NULL,
  `sid` varchar(100) DEFAULT NULL,
  PRIMARY KEY (`imuid`)
) ENGINE=InnoDB DEFAULT CHARSET=utf8;

--
-- 转存表中的数据 `im`
--

INSERT INTO `im` (`imuid`, `uid`, `sid`) VALUES
(1, 3, '3b9dae4ddb700830d49473928017b43c'),
(3, 1, 'b554395daea0fe10b2c1aaf8afdc3ff1'),
(4, 14, '96c312300440933c24c42ac37ac03a2a'),
(6, 4, 'e293d7f3cbf60099fa22e11828264814');

-- --------------------------------------------------------

--
-- 表的结构 `imliaotian`
--

CREATE TABLE IF NOT EXISTS `imliaotian` (
  `id` int(11) NOT NULL DEFAULT '0',
  `uid` int(11) DEFAULT NULL,
  `imuid` int(11) DEFAULT NULL,
  `name` varchar(100) DEFAULT NULL,
  `msg` varchar(500) DEFAULT NULL,
  PRIMARY KEY (`id`)
) ENGINE=InnoDB DEFAULT CHARSET=utf8;

-- --------------------------------------------------------

--
-- 表的结构 `jineng`
--

CREATE TABLE IF NOT EXISTS `jineng` (
  `jnname` varchar(255) NOT NULL,
  `jnid` int(10) unsigned NOT NULL AUTO_INCREMENT,
  `jngj` int(11) NOT NULL,
  `jnfy` int(11) NOT NULL,
  `jnbj` int(11) NOT NULL,
  `jnxx` int(11) NOT NULL,
  `jndj` int(11) NOT NULL,
  `djcount` int(11) NOT NULL,
  `xiaohao` int(11) NOT NULL,
  PRIMARY KEY (`jnid`)
) ENGINE=MyISAM  DEFAULT CHARSET=utf8 AUTO_INCREMENT=9 ;

--
-- 转存表中的数据 `jineng`
--

INSERT INTO `jineng` (`jnname`, `jnid`, `jngj`, `jnfy`, `jnbj`, `jnxx`, `jndj`, `djcount`, `xiaohao`) VALUES
('攻击术', 4, 15, 0, 0, 0, 6, 5, 0),
('暴击术', 5, 0, 0, 35, 0, 7, 8, 0),
('嗜血术', 6, 0, 0, 0, 55, 9, 8, 0),
('防御术', 7, 0, 75, 0, 0, 10, 10, 0),
('天空斩', 8, 100, 0, 0, 0, 11, 15, 0);

-- --------------------------------------------------------

--
-- 表的结构 `mid`
--

CREATE TABLE IF NOT EXISTS `mid` (
  `mname` text NOT NULL,
  `mid` int(11) unsigned NOT NULL AUTO_INCREMENT,
  `mgid` text NOT NULL,
  `mnpc` text NOT NULL,
  `mgtime` datetime NOT NULL,
  `ms` int(11) NOT NULL,
  `midinfo` text NOT NULL,
  `midboss` int(11) NOT NULL,
  `mup` int(11) NOT NULL,
  `mdown` int(11) NOT NULL,
  `mleft` int(11) NOT NULL,
  `mright` int(11) NOT NULL,
  `mqy` int(11) NOT NULL,
  `playerinfo` varchar(255) NOT NULL,
  `ispvp` int(255) NOT NULL,
  PRIMARY KEY (`mid`)
) ENGINE=InnoDB  DEFAULT CHARSET=gb2312 AUTO_INCREMENT=273 ;

--
-- 转存表中的数据 `mid`
--

INSERT INTO `mid` (`mname`, `mid`, `mgid`, `mnpc`, `mgtime`, `ms`, `midinfo`, `midboss`, `mup`, `mdown`, `mleft`, `mright`, `mqy`, `playerinfo`, `ispvp`) VALUES
('天空村庄', 225, '', '11,17', '0000-00-00 00:00:00', 0, '天空村庄，有很多来自天空社区的勇士', 0, 0, 0, 0, 226, 14, '123456向天空村东 走去', 0),
('天空村东', 226, '', '18', '0000-00-00 00:00:00', 0, '天空村东', 0, 0, 0, 225, 228, 14, '123456向天空村庄 走去', 0),
('天空村口[战斗]', 228, '55|3,56|2', '', '2017-09-10 11:02:12', 0, '天空村口，经常有怪物出没', 0, 0, 0, 226, 229, 14, '对对对向天空村东 走去', 1),
('天空丛林', 229, '56|2,57|5', '', '2017-09-10 11:09:56', 0, '', 0, 0, 0, 228, 230, 14, '对对对向天空村口[战斗] 走去', 0),
('丛林深处', 230, '58|4', '', '2017-09-01 16:16:45', 0, '', 0, 0, 0, 229, 231, 14, '对对对向天空丛林 走去', 0),
('丛林外围', 231, '62|3,61|2', '', '2017-09-04 14:37:59', 0, '丛林外围', 0, 0, 0, 230, 232, 14, '对对对向丛林深处 走去', 0),
('天空湖泊', 232, '63|2,64|5', '', '2017-09-01 17:59:33', 0, '天空湖泊', 0, 0, 0, 231, 233, 14, '对对对向丛林外围 走去', 0),
('天空小岛', 233, '65|6', '', '2017-09-13 09:07:33', 0, '天空小岛，闲暇时间休闲好地方', 0, 0, 0, 232, 235, 14, '芒果不忙向天空湖泊 走去', 0),
('村庄出口', 235, '66|3,67|4', '', '2017-09-01 19:34:17', 0, '', 0, 0, 0, 233, 236, 14, '芒果不忙向天空小岛 走去', 0),
('古镇西郊', 236, '69|5', '', '2017-09-01 22:43:19', 0, '', 0, 0, 0, 235, 237, 16, '浮云向村庄出口 走去', 0),
('古镇西门', 237, '', '13,14', '0000-00-00 00:00:00', 0, '', 0, 0, 0, 236, 238, 16, '浮云向古镇西郊 走去', 0),
('古镇西街', 238, '', '15', '0000-00-00 00:00:00', 0, '', 0, 0, 0, 237, 239, 16, '浮云向古镇西门 走去', 0),
('古镇中心', 239, '', '16,17', '0000-00-00 00:00:00', 0, '', 0, 0, 0, 238, 240, 16, '浮云向古镇西街 走去', 0),
('古镇东街', 240, '', '23', '0000-00-00 00:00:00', 0, '', 0, 0, 0, 239, 241, 16, '浮云向古镇中心 走去', 0),
('古镇东门', 241, '', '', '0000-00-00 00:00:00', 0, '', 0, 0, 0, 240, 242, 16, '浮云向古镇东街 走去', 0),
('古镇东郊', 242, '70|3,71|2', '', '2017-09-01 22:43:26', 0, '', 0, 0, 0, 241, 243, 16, '浮云向古镇东门 走去', 0),
('天空洞窟', 243, '72|6', '', '2016-08-21 19:08:10', 0, '', 0, 246, 0, 242, 244, 16, '浮云向古镇东郊 走去', 0),
('洞窟出口', 244, '74|5', '', '2016-08-21 19:01:07', 0, '', 0, 0, 0, 243, 245, 17, '浮云向天空洞窟 走去', 0),
('天空平原', 245, '73|4', '', '2016-08-22 14:09:28', 0, '', 0, 0, 0, 244, 247, 17, '浮云向洞窟出口 走去', 0),
('洞窟深处', 246, '75|1', '', '2017-09-01 22:48:13', 200, '', 0, 0, 243, 0, 0, 17, '浮云向天空洞窟 走去', 0),
('天空西郊', 247, '76|4,77|2', '', '2016-08-23 11:52:26', 0, '', 0, 0, 0, 245, 248, 17, '浮云向天空平原 走去', 0),
('天空西', 248, '', '20', '0000-00-00 00:00:00', 0, '', 0, 0, 0, 247, 249, 17, '浮云向天空西郊 走去', 0),
('天空中心', 249, '', '15,17,21', '0000-00-00 00:00:00', 0, '', 0, 0, 0, 248, 250, 17, '浮云向天空西 走去', 0),
('天空东', 250, '', '19,22', '0000-00-00 00:00:00', 0, '', 0, 0, 0, 249, 251, 17, '浮云向天空中心 走去', 0),
('天空东郊', 251, '78|6', '', '2016-08-23 15:32:59', 0, '', 0, 0, 0, 250, 252, 17, '浮云向天空东 走去', 0),
('天空岸边', 252, '78|2,79|4', '', '2016-08-21 13:16:30', 0, '', 0, 0, 0, 251, 253, 17, '浮云向天空东郊 走去', 0),
('天空港口', 253, '80|5', '', '2016-08-20 13:51:25', 0, '', 0, 0, 0, 252, 254, 17, '浮云向天空岸边 走去', 0),
('天空对岸', 254, '81|6', '', '2016-08-20 13:53:02', 0, '', 0, 0, 0, 253, 255, 17, '浮云向天空港口 走去', 0),
('未知天空外', 255, '82|7', '', '2016-08-22 06:55:18', 0, '', 0, 0, 0, 254, 256, 18, '浮云向天空对岸 走去', 0),
('未知天空中', 256, '83|5', '', '2016-08-22 06:55:32', 30, '', 0, 257, 0, 255, 258, 18, '浮云向未知天空外 走去', 0),
('无人天空', 257, '84|1', '', '2017-08-29 13:19:13', 200, '', 0, 0, 256, 0, 0, 18, '浮云向未知天空中 走去', 0),
('未知天空内', 258, '85|6', '', '2016-08-21 17:26:27', 200, '', 0, 0, 0, 256, 259, 18, '浮云向未知天空中 走去', 0),
('天空外星西', 259, '', '15', '0000-00-00 00:00:00', 0, '', 0, 0, 0, 258, 260, 18, '浮云向未知天空内 走去', 0),
('天空外星', 260, '', '24', '0000-00-00 00:00:00', 0, '', 0, 0, 0, 259, 261, 18, '浮云向天空外星西 走去', 0),
('天空外星东', 261, '', '19', '0000-00-00 00:00:00', 0, '', 0, 0, 0, 260, 262, 18, '浮云向天空外星 走去', 0),
('天空丛林外', 262, '86|3', '', '2016-08-23 14:30:22', 200, '', 0, 0, 0, 261, 263, 18, '浮云向天空外星东 走去', 0),
('天空丛林内', 263, '87|7', '', '2016-08-21 09:46:46', 0, '', 0, 0, 0, 262, 264, 18, '浮云向天空丛林外 走去', 0),
('天空银河系', 264, '88|5', '', '2016-08-23 11:54:01', 100, '', 0, 0, 0, 263, 265, 18, '浮云向天空丛林内 走去', 0),
('银河山底', 265, '89|4,90|4', '', '2016-08-18 11:28:51', 0, '', 0, 0, 0, 264, 266, 18, '浮云向天空银河系 走去', 0),
('银河山腰', 266, '91|3,92|5', '', '2016-08-19 10:05:38', 0, '', 0, 268, 267, 265, 269, 18, '浮云向银河山底 走去', 0),
('银河外围', 267, '94|3,95|3', '24', '2017-09-10 11:08:03', 0, '', 0, 266, 0, 0, 0, 20, '浮云向银河山腰 走去', 0),
('银河山顶', 268, '93|7', '', '2016-08-23 15:34:56', 0, '', 0, 0, 266, 0, 0, 18, '浮云向银河山腰 走去', 0),
('宇宙郊外', 269, '96|4,97|4', '', '2016-08-22 07:01:01', 0, '', 0, 0, 0, 266, 270, 21, '海阔天空向银河山腰 走去', 0),
('宇宙西郊', 270, '98|7', '', '2016-08-23 15:33:16', 0, '', 0, 0, 0, 269, 271, 21, '海阔天空向宇宙郊外 走去', 0),
('宇宙西街', 271, '', '', '0000-00-00 00:00:00', 0, '', 0, 0, 0, 270, 272, 21, '海阔天空向宇宙西郊 走去', 0),
('宇宙中心', 272, '', '24,25', '0000-00-00 00:00:00', 0, '', 0, 0, 0, 271, 0, 21, '芒果不忙向天空村庄 走去', 0);

-- --------------------------------------------------------

--
-- 表的结构 `midguaiwu`
--

CREATE TABLE IF NOT EXISTS `midguaiwu` (
  `id` int(10) unsigned NOT NULL AUTO_INCREMENT,
  `gname` text NOT NULL,
  `ghp` text NOT NULL,
  `ggj` text NOT NULL,
  `gfy` text NOT NULL,
  `glv` text NOT NULL,
  `mid` int(11) NOT NULL,
  `gyid` int(11) NOT NULL,
  `gexp` text NOT NULL,
  `sid` text NOT NULL,
  `gmaxhp` varchar(255) NOT NULL,
  `gbj` int(11) NOT NULL,
  `gxx` int(11) NOT NULL,
  PRIMARY KEY (`id`)
) ENGINE=MyISAM  DEFAULT CHARSET=utf8 AUTO_INCREMENT=2314448 ;

--
-- 转存表中的数据 `midguaiwu`
--

INSERT INTO `midguaiwu` (`id`, `gname`, `ghp`, `ggj`, `gfy`, `glv`, `mid`, `gyid`, `gexp`, `sid`, `gmaxhp`, `gbj`, `gxx`) VALUES
(2313689, '熔岩巨兽', '700', '87', '71', '23', 251, 78, '150', '', '700', 0, 0),
(2305732, '狂野女猎手', '880', '110', '90', '29', 256, 83, '218', '', '880', 0, 0),
(2280014, '诡术妖姬', '1474', '265', '238', '39', 266, 92, '254', '099f465c0c34dd5ef59f230a21447af4', '1960', 0, 0),
(2314343, '审判天使', '640', '80', '65', '21', 246, 75, '137', '', '640', 0, 0),
(2313697, '无极剑圣', '3510', '440', '405', '50', 270, 98, '375', '', '3510', 0, 0),
(2313688, '熔岩巨兽', '700', '87', '71', '23', 251, 78, '150', '', '700', 0, 0),
(2314373, '德邦总管', '190', '23', '19', '6', 231, 62, '45', '', '190', 0, 0),
(2314340, '战争之影', '490', '61', '50', '16', 242, 70, '136', '', '490', 0, 0),
(2313690, '熔岩巨兽', '700', '87', '71', '23', 251, 78, '150', '', '700', 0, 0),
(2313692, '无极剑圣', '3510', '440', '405', '50', 270, 98, '375', '', '3510', 0, 0),
(2305736, '狂野女猎手', '880', '110', '90', '29', 256, 83, '218', '', '880', 0, 0),
(2305729, '沙漠死神', '850', '106', '87', '28', 255, 82, '238', '', '850', 0, 0),
(2253163, '迅捷斥候', '40', '4', '4', '1', 228, 56, '8', '0e698c7ec2d718b658fa287c45929571', '40', 0, 0),
(2305764, '影流之主', '2360', '320', '287', '47', 269, 97, '400', '', '2360', 0, 0),
(2313696, '无极剑圣', '3510', '440', '405', '50', 270, 98, '375', '', '3510', 0, 0),
(2313639, '若克萨斯之手', '670', '84', '68', '22', 247, 77, '187', '', '670', 0, 0),
(2305761, '疾风剑豪', '2260', '306', '275', '45', 269, 96, '293', '', '2260', 0, 0),
(2297445, '战争之王', '1660', '224', '201', '33', 263, 87, '281', '', '1660', 0, 0),
(2297446, '战争之王', '1660', '224', '201', '33', 263, 87, '281', '', '1660', 0, 0),
(2314336, '迷失之牙', '400', '49', '40', '13', 236, 69, '111', '', '400', 0, 0),
(2302424, '未来守护者', '610', '76', '62', '20', 244, 74, '170', '', '610', 0, 0),
(2302425, '未来守护者', '610', '76', '62', '20', 244, 74, '170', '', '610', 0, 0),
(2305762, '疾风剑豪', '2260', '306', '275', '45', 269, 96, '293', '', '2260', 0, 0),
(2314441, '瘟疫之源', '70', '8', '6', '2', 229, 57, '13', '', '70', 0, 0),
(2314342, '刀锋意志', '520', '65', '53', '17', 242, 71, '145', '', '520', 0, 0),
(2305728, '沙漠死神', '850', '106', '87', '28', 255, 82, '238', '', '850', 0, 0),
(2299847, '熔岩巨兽', '700', '87', '71', '23', 252, 78, '173', '', '700', 0, 0),
(2299850, '皎月女神', '730', '91', '74', '24', 252, 79, '180', '', '730', 0, 0),
(2299851, '皎月女神', '730', '91', '74', '24', 252, 79, '180', '', '730', 0, 0),
(2314440, '瘟疫之源', '70', '8', '6', '2', 229, 57, '13', '', '70', 0, 0),
(2314339, '战争之影', '490', '61', '50', '16', 242, 70, '136', '', '490', 0, 0),
(2313685, '熔岩巨兽', '700', '87', '71', '23', 251, 78, '150', '', '700', 0, 0),
(2314341, '刀锋意志', '520', '65', '53', '17', 242, 71, '145', '', '520', 0, 0),
(2313687, '熔岩巨兽', '700', '87', '71', '23', 251, 78, '150', '', '700', 0, 0),
(2305763, '影流之主', '2360', '320', '287', '47', 269, 97, '400', '', '2360', 0, 0),
(2313645, '荒漠屠夫', '2000', '150', '330', '34', 264, 88, '255', '', '2000', 0, 0),
(2302033, '雪人骑士', '1560', '211', '189', '31', 258, 85, '202', '', '1560', 0, 0),
(2305759, '疾风剑豪', '2260', '306', '275', '45', 269, 96, '293', '', '2260', 0, 0),
(2305760, '疾风剑豪', '2260', '306', '275', '45', 269, 96, '293', '', '2260', 0, 0),
(2313694, '无极剑圣', '3510', '440', '405', '50', 270, 98, '375', '', '3510', 0, 0),
(2302037, '雪人骑士', '1560', '211', '189', '31', 258, 85, '202', '', '1560', 0, 0),
(2309221, '武器大师', '580', '72', '59', '19', 245, 73, '124', '', '580', 0, 0),
(2290134, '铁铠冥魂', '820', '103', '84', '27', 254, 81, '176', '', '820', 0, 0),
(2314335, '迷失之牙', '400', '49', '40', '13', 236, 69, '111', '', '400', 0, 0),
(2313693, '无极剑圣', '3510', '440', '405', '50', 270, 98, '375', '', '3510', 0, 0),
(2305765, '影流之主', '2360', '320', '287', '47', 269, 97, '400', '', '2360', 0, 0),
(2269220, '放逐之刃', '1760', '238', '214', '35', 265, 89, '263', '', '1760', 0, 0),
(2314293, '忙僧', '110', '15', '7', '3', 230, 58, '20', '', '110', 0, 0),
(2313637, '虚空掠夺者', '640', '80', '65', '21', 247, 76, '158', '', '640', 0, 0),
(2314337, '迷失之牙', '400', '49', '40', '13', 236, 69, '111', '', '400', 0, 0),
(2302462, '德玛西亚皇子', '550', '68', '56', '18', 243, 72, '153', '', '550', 0, 0),
(2305734, '狂野女猎手', '880', '110', '90', '29', 256, 83, '218', '', '880', 0, 0),
(2313640, '若克萨斯之手', '670', '84', '68', '22', 247, 77, '187', '', '670', 0, 0),
(2302474, '战争之影', '490', '61', '50', '16', 242, 70, '136', '781a121e409741ff53f5978578067146', '490', 0, 0),
(2249197, '熔岩巨兽', '700', '87', '71', '23', 251, 78, '173', 'e0e644a3727f0f1671e917f7b376c66f', '700', 0, 0),
(2314311, '无双剑姬', '250', '32', '25', '8', 232, 64, '60', '', '250', 0, 0),
(2313514, '德邦总管', '144', '23', '19', '6', 231, 62, '45', 'bb2a45b7652a7900e7810128a329597e', '190', 0, 0),
(2280013, '诡术妖姬', '1960', '265', '238', '39', 266, 92, '254', '', '1960', 0, 0),
(2302427, '未来守护者', '610', '76', '62', '20', 244, 74, '170', '', '610', 0, 0),
(2313695, '无极剑圣', '3510', '440', '405', '50', 270, 98, '375', '', '3510', 0, 0),
(2313641, '荒漠屠夫', '2000', '150', '330', '34', 264, 88, '255', '', '2000', 0, 0),
(2314309, '无双剑姬', '250', '32', '25', '8', 232, 64, '60', '', '250', 0, 0),
(2290121, '齐天大圣', '790', '99', '81', '26', 253, 80, '169', '', '790', 0, 0),
(2280015, '诡术妖姬', '1960', '265', '238', '39', 266, 92, '254', '', '1960', 0, 0),
(2313678, '狂战士', '1610', '218', '195', '32', 262, 86, '208', '', '1610', 0, 0),
(2305733, '狂野女猎手', '880', '110', '90', '29', 256, 83, '218', '', '880', 0, 0),
(2309220, '武器大师', '580', '72', '59', '19', 245, 73, '124', '', '580', 0, 0),
(2297451, '战争之王', '1660', '224', '201', '33', 263, 87, '281', '', '1660', 0, 0),
(2313642, '荒漠屠夫', '2000', '150', '330', '34', 264, 88, '255', '', '2000', 0, 0),
(2314431, '刀锋之影', '5860', '594', '558', '55', 267, 94, '358', '', '5860', 0, 0),
(2314326, '德玛西亚之力', '310', '38', '31', '10', 235, 67, '85', '', '310', 0, 0),
(2313679, '狂战士', '1610', '218', '195', '32', 262, 86, '208', '', '1610', 0, 0),
(2314333, '迷失之牙', '400', '49', '40', '13', 236, 69, '111', '', '400', 0, 0),
(2302036, '雪人骑士', '1560', '211', '189', '31', 258, 85, '202', '', '1560', 0, 0),
(2314430, '刀锋之影', '5860', '594', '558', '55', 267, 94, '358', '', '5860', 0, 0),
(2314313, '无双剑姬', '250', '32', '25', '8', 232, 64, '60', '', '250', 0, 0),
(2314442, '潮汐海灵', '280', '35', '28', '9', 233, 65, '68', '', '280', 0, 0),
(2314443, '潮汐海灵', '280', '35', '28', '9', 233, 65, '68', '', '280', 0, 0),
(2314439, '瘟疫之源', '70', '8', '6', '2', 229, 57, '13', '', '70', 0, 0),
(2313644, '荒漠屠夫', '2000', '150', '330', '34', 264, 88, '255', '', '2000', 0, 0),
(2313638, '虚空掠夺者', '640', '80', '65', '21', 247, 76, '158', '', '640', 0, 0),
(2313636, '虚空掠夺者', '640', '80', '65', '21', 247, 76, '158', '', '640', 0, 0),
(2313710, '远古巫灵', '2010', '272', '244', '40', 268, 93, '260', '', '2010', 0, 0),
(2313709, '远古巫灵', '2010', '272', '244', '40', 268, 93, '260', '', '2010', 0, 0),
(2313691, '无极剑圣', '3510', '440', '405', '50', 270, 98, '375', '', '3510', 0, 0),
(2314307, '时间刺客', '220', '27', '22', '7', 232, 63, '60', '', '220', 0, 0),
(2314308, '时间刺客', '220', '27', '22', '7', 232, 63, '60', '', '220', 0, 0),
(2314444, '潮汐海灵', '280', '35', '28', '9', 233, 65, '68', '', '280', 0, 0),
(2314327, '德玛西亚之力', '310', '38', '31', '10', 235, 67, '85', '', '310', 0, 0),
(2314432, '暗夜猎手', '4530', '653', '454', '56', 267, 95, '364', '', '4530', 0, 0),
(2314292, '忙僧', '110', '15', '7', '3', 230, 58, '20', '', '110', 0, 0),
(2314228, '永恒梦魇', '1510', '204', '183', '30', 257, 84, '195', '', '1510', 0, 0),
(2314372, '德邦总管', '190', '23', '19', '6', 231, 62, '45', '', '190', 0, 0),
(2314312, '无双剑姬', '250', '32', '25', '8', 232, 64, '60', '', '250', 0, 0),
(2314375, '祖安狂人', '160', '22', '16', '5', 231, 61, '43', '', '160', 0, 0),
(2314371, '德邦总管', '190', '23', '19', '6', 231, 62, '45', '', '190', 0, 0),
(2314438, '瘟疫之源', '70', '8', '6', '2', 229, 57, '13', '', '70', 0, 0),
(2314437, '瘟疫之源', '70', '8', '6', '2', 229, 57, '13', '', '70', 0, 0),
(2314435, '迅捷斥候', '40', '4', '4', '1', 229, 56, '9', '', '40', 0, 0),
(2314436, '迅捷斥候', '40', '4', '4', '1', 229, 56, '9', '', '40', 0, 0),
(2314425, '探险家', '40', '5', '3', '1', 228, 55, '7', '', '40', 0, 0),
(2314426, '探险家', '40', '5', '3', '1', 228, 55, '7', '', '40', 0, 0),
(2314429, '刀锋之影', '5860', '594', '558', '55', 267, 94, '358', '', '5860', 0, 0),
(2314433, '暗夜猎手', '4530', '653', '454', '56', 267, 95, '364', '', '4530', 0, 0),
(2314434, '暗夜猎手', '4530', '653', '454', '56', 267, 95, '364', '', '4530', 0, 0),
(2314445, '潮汐海灵', '280', '35', '28', '9', 233, 65, '68', '', '280', 0, 0),
(2314447, '潮汐海灵', '280', '35', '28', '9', 233, 65, '68', '', '280', 0, 0);

-- --------------------------------------------------------

--
-- 表的结构 `npc`
--

CREATE TABLE IF NOT EXISTS `npc` (
  `id` int(11) unsigned NOT NULL AUTO_INCREMENT,
  `nname` text CHARACTER SET utf8 NOT NULL,
  `nsex` varchar(255) NOT NULL,
  `ninfo` text CHARACTER SET utf8 NOT NULL,
  `muban` text NOT NULL,
  `taskid` text NOT NULL,
  PRIMARY KEY (`id`)
) ENGINE=MyISAM  DEFAULT CHARSET=gb2312 AUTO_INCREMENT=26 ;

--
-- 转存表中的数据 `npc`
--

INSERT INTO `npc` (`id`, `nname`, `nsex`, `ninfo`, `muban`, `taskid`) VALUES
(11, '天空村长', '男', '天空村长', '', '13,25,24,28'),
(13, '王小二', '男', '哎……一个人的日子，真的好难。', '', '24'),
(14, '张三', '男', '哎，好想来一场说走就走的旅行。', '', '28'),
(15, '李四[商人]', '男', '来来来，错过了这个村就没有了这个店', '商店.php', ''),
(16, '古镇镇长[技能]', '男', '天空古镇镇长，可以兑换技能', '技能兑换.php', ''),
(18, '紫霞仙子', '女', '我的至尊宝呢？我等着他踩着七彩祥云来娶我。', '', '24,29'),
(17, '天空医师[治疗]', '男', '天空的医师，似乎在哪都能看见他', '治疗.php', ''),
(19, '技能大师', '男', '技能大师，负责兑换技能', '技能兑换.php', ''),
(20, '至尊宝', '女', '一看你就是练武奇才……', '', '20'),
(21, '天空长老', '男', '天空长老', '', '19'),
(22, '天空猎手', '男', '天空猎手', '', '21'),
(23, '兑换大使', '男', '兑换大使', '', '27'),
(24, '天空神医', '男', '天空的神医，比天空医师更暖心', '治疗_级别1.php', ''),
(25, '宇宙使者倩儿', '女', '宇宙使者小倩', '', '');

-- --------------------------------------------------------

--
-- 表的结构 `playerchongwu`
--

CREATE TABLE IF NOT EXISTS `playerchongwu` (
  `cwid` int(11) NOT NULL AUTO_INCREMENT,
  `cwname` varchar(255) NOT NULL,
  `cwhp` int(11) NOT NULL,
  `cwmaxhp` int(11) NOT NULL,
  `cwgj` int(11) NOT NULL,
  `cwfy` int(11) NOT NULL,
  `cwbj` int(11) NOT NULL,
  `cwxx` int(11) NOT NULL,
  `cwlv` int(11) NOT NULL,
  `cwexp` int(11) NOT NULL,
  `tool1` int(11) NOT NULL,
  `tool2` int(11) NOT NULL,
  `tool3` int(11) NOT NULL,
  `tool4` int(11) NOT NULL,
  `tool5` int(11) NOT NULL,
  `tool6` int(11) NOT NULL,
  `sid` varchar(255) NOT NULL,
  `uphp` int(11) NOT NULL,
  `upgj` int(11) NOT NULL,
  `upfy` int(11) NOT NULL,
  `cwpz` int(11) NOT NULL,
  PRIMARY KEY (`cwid`)
) ENGINE=MyISAM  DEFAULT CHARSET=utf8mb4 AUTO_INCREMENT=3667 ;

--
-- 转存表中的数据 `playerchongwu`
--

INSERT INTO `playerchongwu` (`cwid`, `cwname`, `cwhp`, `cwmaxhp`, `cwgj`, `cwfy`, `cwbj`, `cwxx`, `cwlv`, `cwexp`, `tool1`, `tool2`, `tool3`, `tool4`, `tool5`, `tool6`, `sid`, `uphp`, `upgj`, `upfy`, `cwpz`) VALUES
(3644, '螣蛇', 100, 100, 6, 4, 0, 0, 1, 0, 0, 0, 0, 0, 0, 0, '2f9dd2cc8406b79ff37f36650ae139af', 11, 3, 6, 2),
(3661, '螣蛇', 100, 100, 6, 4, 0, 0, 1, 0, 0, 0, 0, 0, 0, 0, 'aa740edfe7a7def370f373327f4c3643', 22, 3, 7, 1),
(3662, '螣蛇', 100, 100, 6, 4, 0, 0, 1, 0, 0, 0, 0, 0, 0, 0, 'aa740edfe7a7def370f373327f4c3643', 9, 2, 3, 1),
(3663, '青龙', 100, 100, 6, 4, 0, 0, 1, 0, 0, 0, 0, 0, 0, 0, '38219c566f9f183aaaebef47dfd92e92', 9, 4, 3, 1),
(3664, '朱雀', 100, 100, 6, 4, 0, 0, 1, 0, 0, 0, 0, 0, 0, 0, '38219c566f9f183aaaebef47dfd92e92', 12, 4, 5, 3),
(3658, '螣蛇', 100, 100, 6, 4, 0, 0, 1, 0, 0, 0, 0, 0, 0, 0, 'e293d7f3cbf60099fa22e11828264814', 23, 5, 3, 4),
(3665, '朱雀', 100, 100, 6, 4, 0, 0, 1, 0, 0, 0, 0, 0, 0, 0, '83d78d3ea533b880c505e2b235e7c3b4', 15, 3, 5, 1),
(3666, '黄龙', 100, 100, 6, 4, 0, 0, 1, 0, 0, 0, 0, 0, 0, 0, '83d78d3ea533b880c505e2b235e7c3b4', 25, 2, 5, 0),
(3645, '朱雀', 100, 100, 6, 4, 0, 0, 1, 0, 0, 0, 0, 0, 0, 0, '2f9dd2cc8406b79ff37f36650ae139af', 16, 2, 6, 0);

-- --------------------------------------------------------

--
-- 表的结构 `playerdaoju`
--

CREATE TABLE IF NOT EXISTS `playerdaoju` (
  `djname` varchar(255) NOT NULL,
  `djzl` varchar(255) NOT NULL,
  `djinfo` varchar(255) NOT NULL,
  `uid` int(11) NOT NULL,
  `sid` text NOT NULL,
  `djsum` int(11) NOT NULL,
  `djid` int(11) NOT NULL
) ENGINE=MyISAM DEFAULT CHARSET=utf8;

--
-- 转存表中的数据 `playerdaoju`
--

INSERT INTO `playerdaoju` (`djname`, `djzl`, `djinfo`, `uid`, `sid`, `djsum`, `djid`) VALUES
('强化石', '2', '用于强化装备', 4, 'e293d7f3cbf60099fa22e11828264814', 0, 1),
('技能残页-攻击', '', '兑换攻击技能', 4, 'e293d7f3cbf60099fa22e11828264814', 385, 6),
('技能残页-防御', '', '兑换防御技能', 4, 'e293d7f3cbf60099fa22e11828264814', 400, 7),
('强化石', '2', '用于强化装备', 7, '587157a1df7b03139687794cc1cada6a', 97, 1),
('技能残页-攻击', '', '兑换攻击技能', 7, '587157a1df7b03139687794cc1cada6a', 100, 6),
('技能残页-防御', '', '兑换防御技能', 7, '587157a1df7b03139687794cc1cada6a', 100, 7),
('强化石', '2', '用于强化装备', 12, '38219c566f9f183aaaebef47dfd92e92', 15, 1),
('技能残页-攻击', '', '兑换攻击技能', 12, '38219c566f9f183aaaebef47dfd92e92', 50, 6),
('技能残页-防御', '', '兑换防御技能', 12, '38219c566f9f183aaaebef47dfd92e92', 84, 7);

-- --------------------------------------------------------

--
-- 表的结构 `playerjineng`
--

CREATE TABLE IF NOT EXISTS `playerjineng` (
  `jnname` varchar(255) NOT NULL,
  `jnid` int(11) NOT NULL,
  `jngj` int(11) NOT NULL,
  `jnfy` int(11) NOT NULL,
  `jnbj` int(11) NOT NULL,
  `jnxx` int(11) NOT NULL,
  `sid` text NOT NULL,
  `jncount` int(11) NOT NULL
) ENGINE=MyISAM DEFAULT CHARSET=utf8;

--
-- 转存表中的数据 `playerjineng`
--

INSERT INTO `playerjineng` (`jnname`, `jnid`, `jngj`, `jnfy`, `jnbj`, `jnxx`, `sid`, `jncount`) VALUES
('攻击术', 4, 15, 0, 0, 0, 'e293d7f3cbf60099fa22e11828264814', 0),
('攻击术', 4, 15, 0, 0, 0, '38219c566f9f183aaaebef47dfd92e92', 10),
('暴击术', 5, 0, 0, 35, 0, '38219c566f9f183aaaebef47dfd92e92', 2);

-- --------------------------------------------------------

--
-- 表的结构 `playerrenwu`
--

CREATE TABLE IF NOT EXISTS `playerrenwu` (
  `rwname` varchar(255) NOT NULL,
  `rwzl` int(11) NOT NULL,
  `rwdj` varchar(255) NOT NULL,
  `rwzb` varchar(255) NOT NULL,
  `rwexp` varchar(255) NOT NULL,
  `rwyxb` varchar(255) NOT NULL,
  `sid` text NOT NULL,
  `rwzt` int(11) NOT NULL,
  `rwid` int(11) NOT NULL,
  `rwyq` int(11) NOT NULL,
  `rwcount` int(11) NOT NULL,
  `rwnowcount` int(11) NOT NULL,
  `rwlx` int(11) NOT NULL,
  `rwyp` text NOT NULL,
  `data` int(11) NOT NULL,
  `rwjineng` varchar(255) NOT NULL
) ENGINE=MyISAM DEFAULT CHARSET=utf8;

--
-- 转存表中的数据 `playerrenwu`
--

INSERT INTO `playerrenwu` (`rwname`, `rwzl`, `rwdj`, `rwzb`, `rwexp`, `rwyxb`, `sid`, `rwzt`, `rwid`, `rwyq`, `rwcount`, `rwnowcount`, `rwlx`, `rwyp`, `data`, `rwjineng`) VALUES
('探险家来了', 2, '1|15,6|100,7|100', '', '200', '150', 'e293d7f3cbf60099fa22e11828264814', 3, 25, 55, 1, 0, 3, '', 0, ''),
('找紫霞仙子', 3, '1|20', '25', '100', '100', 'e293d7f3cbf60099fa22e11828264814', 3, 24, 11, 18, 0, 3, '', 0, ''),
('去除瘟疫', 2, '1|20', '', '200', '200', 'e293d7f3cbf60099fa22e11828264814', 3, 29, 57, 1, 0, 3, '', 0, ''),
('故人', 3, '1|50', '29', '400', '200', '587157a1df7b03139687794cc1cada6a', 3, 28, 11, 14, 0, 1, '', 0, ''),
('斩杀无极剑圣', 1, '', '45', '2000', '2000', 'e293d7f3cbf60099fa22e11828264814', 1, 27, 12, 150, 0, 1, '', 0, ''),
('故人', 3, '1|50', '29', '400', '200', 'e293d7f3cbf60099fa22e11828264814', 3, 28, 11, 14, 0, 1, '', 0, ''),
('团战可以输，提莫必须死', 2, '1|5', '24', '100', '100', '2f9dd2cc8406b79ff37f36650ae139af', 1, 13, 56, 5, 4, 2, '', 1, ''),
('探险家来了', 2, '1|15,6|100,7|100', '', '200', '150', '2f9dd2cc8406b79ff37f36650ae139af', 1, 25, 55, 10, 0, 3, '', 0, ''),
('团战可以输，提莫必须死', 2, '1|5', '24', '100', '100', '587157a1df7b03139687794cc1cada6a', 3, 13, 56, 5, 0, 2, '', 2, ''),
('探险家来了', 2, '1|15,6|100,7|100', '', '200', '150', '587157a1df7b03139687794cc1cada6a', 3, 25, 55, 10, 0, 3, '', 0, ''),
('找紫霞仙子', 3, '1|20', '25', '100', '100', '587157a1df7b03139687794cc1cada6a', 3, 24, 11, 18, 0, 3, '', 0, ''),
('去除瘟疫', 2, '1|20', '', '200', '200', '587157a1df7b03139687794cc1cada6a', 1, 29, 57, 50, 8, 3, '', 0, ''),
('团战可以输，提莫必须死', 2, '1|5', '24', '100', '100', 'aa740edfe7a7def370f373327f4c3643', 1, 13, 56, 5, 0, 2, '', 2, ''),
('去除瘟疫', 2, '1|20', '', '200', '200', 'd970e60dd0ab1eb891ac9e2be8168f71', 1, 29, 57, 50, 0, 3, '', 0, ''),
('去除瘟疫', 2, '1|20', '', '200', '200', 'aa679b84c347e3d7914b32d4db9339ba', 1, 29, 57, 50, 0, 3, '', 0, ''),
('探险家来了', 2, '1|15,6|100,7|100', '', '200', '150', '38219c566f9f183aaaebef47dfd92e92', 3, 25, 55, 10, 0, 3, '', 0, ''),
('斩杀无极剑圣', 1, '', '45', '2000', '2000', '38219c566f9f183aaaebef47dfd92e92', 1, 27, 12, 150, 0, 1, '', 0, ''),
('故人', 3, '1|50', '29', '400', '200', '38219c566f9f183aaaebef47dfd92e92', 3, 28, 11, 14, 0, 1, '', 0, ''),
('去除瘟疫', 2, '1|20', '', '200', '200', '38219c566f9f183aaaebef47dfd92e92', 1, 29, 57, 50, 21, 3, '', 0, ''),
('找紫霞仙子', 3, '1|20', '25', '100', '100', '38219c566f9f183aaaebef47dfd92e92', 3, 24, 11, 18, 0, 3, '', 0, ''),
('团战可以输，提莫必须死', 2, '1|5', '24', '100', '100', '83d78d3ea533b880c505e2b235e7c3b4', 1, 13, 56, 5, 0, 2, '', 21, ''),
('教训若克萨斯之手', 2, '1|50,9|50', '39', '600', '400', '38219c566f9f183aaaebef47dfd92e92', 1, 20, 77, 50, 0, 1, '', 0, ''),
('去除瘟疫', 2, '1|20', '', '200', '200', '549e96108e501f866f6578ad4b24e89e', 1, 29, 57, 50, 0, 3, '', 0, ''),
('去除瘟疫', 2, '1|20', '', '200', '200', '96c312300440933c24c42ac37ac03a2a', 1, 29, 57, 50, 0, 3, '', 0, ''),
('探险家来了', 2, '1|15,6|100,7|100', '', '200', '150', '78067835413f0533cc093d26149c1f54', 1, 25, 55, 10, 1, 3, '', 0, ''),
('去除瘟疫', 2, '1|20', '', '200', '200', '78067835413f0533cc093d26149c1f54', 1, 29, 57, 50, 0, 3, '', 0, ''),
('探险家来了', 2, '1|15,6|100,7|100', '', '200', '150', 'ecf70aede5fb57879a0c0907eba8e716', 1, 25, 55, 10, 0, 3, '', 0, '');

-- --------------------------------------------------------

--
-- 表的结构 `playeryaopin`
--

CREATE TABLE IF NOT EXISTS `playeryaopin` (
  `ypname` varchar(255) NOT NULL,
  `ypid` int(11) NOT NULL,
  `yphp` int(11) NOT NULL,
  `ypgj` int(11) NOT NULL,
  `ypfy` int(11) NOT NULL,
  `ypxx` int(11) NOT NULL,
  `ypbj` int(11) NOT NULL,
  `sid` text NOT NULL,
  `ypsum` int(11) NOT NULL,
  `ypjg` int(11) NOT NULL
) ENGINE=MyISAM DEFAULT CHARSET=utf8;

--
-- 转存表中的数据 `playeryaopin`
--

INSERT INTO `playeryaopin` (`ypname`, `ypid`, `yphp`, `ypgj`, `ypfy`, `ypxx`, `ypbj`, `sid`, `ypsum`, `ypjg`) VALUES
('生命药水', 6, 100, 0, 0, 0, 0, 'e293d7f3cbf60099fa22e11828264814', 55, 30),
('生命药水', 6, 100, 0, 0, 0, 0, '587157a1df7b03139687794cc1cada6a', 23, 30),
('生命药水', 6, 100, 0, 0, 0, 0, '38219c566f9f183aaaebef47dfd92e92', 28, 30);

-- --------------------------------------------------------

--
-- 表的结构 `playerzhuangbei`
--

CREATE TABLE IF NOT EXISTS `playerzhuangbei` (
  `zbname` varchar(255) NOT NULL,
  `zbinfo` varchar(255) NOT NULL,
  `zbgj` varchar(255) NOT NULL,
  `zbfy` varchar(255) NOT NULL,
  `zbbj` varchar(255) NOT NULL,
  `zbxx` varchar(255) NOT NULL,
  `zbid` int(11) NOT NULL,
  `uid` int(11) NOT NULL,
  `zbnowid` int(11) NOT NULL AUTO_INCREMENT,
  `sid` text NOT NULL,
  `zbhp` varchar(255) NOT NULL,
  `qianghua` int(11) NOT NULL,
  `zblv` int(11) NOT NULL,
  `zbtool` int(11) NOT NULL,
  PRIMARY KEY (`zbnowid`)
) ENGINE=MyISAM  DEFAULT CHARSET=utf8 AUTO_INCREMENT=75655 ;

--
-- 转存表中的数据 `playerzhuangbei`
--

INSERT INTO `playerzhuangbei` (`zbname`, `zbinfo`, `zbgj`, `zbfy`, `zbbj`, `zbxx`, `zbid`, `uid`, `zbnowid`, `sid`, `zbhp`, `qianghua`, `zblv`, `zbtool`) VALUES
('布甲', '出门布甲', '0', '15', '0', '0', 24, 7, 75645, '587157a1df7b03139687794cc1cada6a', '100', 0, 0, 3),
('提亚马特', '提亚马特', '29', '2', '0', '15', 29, 4, 75634, 'e293d7f3cbf60099fa22e11828264814', '1', 12, 0, 1),
('提亚马特', '提亚马特', '20', '0', '0', '15', 29, 7, 75643, '587157a1df7b03139687794cc1cada6a', '0', 0, 0, 1),
('布甲', '出门布甲', '0', '15', '0', '0', 24, 7, 75644, '587157a1df7b03139687794cc1cada6a', '100', 0, 0, 3),
('锁子甲', '锁子甲', '0', '40', '0', '0', 26, 0, 75637, '', '200', 0, 0, 3),
('提亚马特', '提亚马特', '20', '0', '0', '15', 29, 0, 75640, '', '0', 0, 0, 1),
('日炎铠甲', '日炎铠甲', '2', '60', '0', '0', 31, 4, 75642, 'e293d7f3cbf60099fa22e11828264814', '420', 3, 0, 3),
('提亚马特', '提亚马特', '20', '0', '0', '15', 29, 14, 75641, '96c312300440933c24c42ac37ac03a2a', '0', 0, 0, 1),
('布甲', '出门布甲', '0', '15', '0', '0', 24, 7, 75646, '587157a1df7b03139687794cc1cada6a', '100', 0, 0, 3),
('吸血鬼节杖', '吸血鬼节杖', '15', '0', '0', '10', 25, 7, 75647, '587157a1df7b03139687794cc1cada6a', '0', 0, 0, 1),
('十字镐', '十字镐', '25', '0', '0', '0', 27, 4, 75648, 'e293d7f3cbf60099fa22e11828264814', '0', 0, 0, 1),
('布甲', '出门布甲', '0', '15', '0', '0', 24, 12, 75649, '38219c566f9f183aaaebef47dfd92e92', '100', 0, 0, 3),
('布甲', '出门布甲', '0', '15', '0', '0', 24, 12, 75650, '38219c566f9f183aaaebef47dfd92e92', '100', 0, 0, 3),
('吸血鬼节杖', '吸血鬼节杖', '15', '0', '0', '10', 25, 12, 75651, '38219c566f9f183aaaebef47dfd92e92', '0', 0, 0, 1),
('提亚马特', '提亚马特', '25', '0', '0', '15', 29, 12, 75652, '38219c566f9f183aaaebef47dfd92e92', '0', 5, 0, 1),
('吸血鬼节杖', '吸血鬼节杖', '15', '0', '0', '10', 25, 12, 75653, '38219c566f9f183aaaebef47dfd92e92', '0', 0, 0, 1),
('布甲', '出门布甲', '0', '15', '0', '0', 24, 12, 75654, '38219c566f9f183aaaebef47dfd92e92', '100', 0, 0, 3);

-- --------------------------------------------------------

--
-- 表的结构 `qy`
--

CREATE TABLE IF NOT EXISTS `qy` (
  `qyid` int(10) unsigned NOT NULL AUTO_INCREMENT,
  `qyname` varchar(255) NOT NULL,
  `mid` int(11) NOT NULL,
  PRIMARY KEY (`qyid`)
) ENGINE=MyISAM  DEFAULT CHARSET=utf8 AUTO_INCREMENT=23 ;

--
-- 转存表中的数据 `qy`
--

INSERT INTO `qy` (`qyid`, `qyname`, `mid`) VALUES
(14, '天空起点', 225),
(16, '天空古镇', 239),
(17, '天空之城', 249),
(18, '天空外星', 260),
(20, '天空银河', 267),
(21, '天空宇宙', 272);

-- --------------------------------------------------------

--
-- 表的结构 `renwu`
--

CREATE TABLE IF NOT EXISTS `renwu` (
  `rwname` varchar(255) NOT NULL,
  `rwzl` int(11) NOT NULL,
  `rwdj` varchar(255) NOT NULL,
  `rwzb` varchar(255) NOT NULL,
  `rwexp` varchar(255) NOT NULL,
  `rwyxb` varchar(255) NOT NULL,
  `rwid` int(11) unsigned NOT NULL AUTO_INCREMENT,
  `rwyq` int(11) NOT NULL,
  `rwinfo` varchar(255) NOT NULL,
  `rwcount` int(11) NOT NULL,
  `rwlx` int(255) NOT NULL,
  `rwyp` text NOT NULL,
  `lastrwid` int(11) NOT NULL,
  `rwjineng` varchar(255) NOT NULL,
  PRIMARY KEY (`rwid`)
) ENGINE=MyISAM  DEFAULT CHARSET=utf8 AUTO_INCREMENT=37 ;

--
-- 转存表中的数据 `renwu`
--

INSERT INTO `renwu` (`rwname`, `rwzl`, `rwdj`, `rwzb`, `rwexp`, `rwyxb`, `rwid`, `rwyq`, `rwinfo`, `rwcount`, `rwlx`, `rwyp`, `lastrwid`, `rwjineng`) VALUES
('团战可以输，提莫必须死', 2, '1|5', '24', '100', '100', 13, 56, '提莫太可恶了，种那么多蘑菇炸死了好多天友。', 5, 2, '6|3', 0, ''),
('收集', 1, '1|5', '23', '200', '100', 14, 8, '收集东西', 10, 2, '6|3', 0, ''),
('掠夺者来夺取资源了', 2, '1|30,9|50', '38', '500', '500', 19, 76, '掠夺者来夺取资源了，快去击退他们。', 50, 1, '', -1, ''),
('教训若克萨斯之手', 2, '1|50,9|50', '39', '600', '400', 20, 77, '一群铁头娃，大兄弟帮我教训一下他们吧', 50, 1, '', -1, ''),
('死神来了', 2, '1|10,10|50', '39', '800', '350', 21, 82, '死神来了，大侠靠你了', 30, 2, '', -1, ''),
('探险家来了', 2, '1|15,6|100,7|100', '', '200', '150', 25, 55, '探险家来了', 10, 3, '', -1, ''),
('找紫霞仙子', 3, '1|20', '25', '100', '100', 24, 11, '找紫霞仙子', 18, 3, '6|10', 25, ''),
('故人', 3, '1|50', '29', '400', '200', 28, 11, '故人', 14, 1, '6|10', -1, ''),
('斩杀无极剑圣', 1, '', '45', '2000', '2000', 27, 12, '斩杀无极剑圣', 150, 1, '9|5', -1, ''),
('待添加', 0, '', '', '', '', 35, 0, '', 0, 0, '', 0, ''),
('和瞎子比武', 0, '1|20', '', '200', '200', 30, 58, '', 0, 0, '', 0, ''),
('去除瘟疫', 2, '1|20', '', '200', '200', 29, 57, '瘟疫之源正在散播瘟疫', 50, 3, '', 0, '');

-- --------------------------------------------------------

--
-- 表的结构 `userinfo`
--

CREATE TABLE IF NOT EXISTS `userinfo` (
  `username` text,
  `userpass` text,
  `token` text
) ENGINE=InnoDB DEFAULT CHARSET=gb2312;

-- --------------------------------------------------------

--
-- 表的结构 `yaopin`
--

CREATE TABLE IF NOT EXISTS `yaopin` (
  `ypname` varchar(255) NOT NULL,
  `ypid` int(11) unsigned NOT NULL AUTO_INCREMENT,
  `yphp` int(11) NOT NULL,
  `ypgj` int(11) NOT NULL,
  `ypfy` int(11) NOT NULL,
  `ypxx` int(11) NOT NULL,
  `ypbj` int(11) NOT NULL,
  `ypjg` int(11) NOT NULL,
  PRIMARY KEY (`ypid`)
) ENGINE=MyISAM  DEFAULT CHARSET=utf8 AUTO_INCREMENT=10 ;

--
-- 转存表中的数据 `yaopin`
--

INSERT INTO `yaopin` (`ypname`, `ypid`, `yphp`, `ypgj`, `ypfy`, `ypxx`, `ypbj`, `ypjg`) VALUES
('生命药水', 6, 100, 0, 0, 0, 0, 30),
('猎人药水', 7, 300, 0, 0, 0, 0, 80),
('复用药水', 8, 600, 0, 0, 0, 0, 155),
('腐败药水', 9, 1200, 0, 0, 0, 0, 310);

-- --------------------------------------------------------

--
-- 表的结构 `zhuangbei`
--

CREATE TABLE IF NOT EXISTS `zhuangbei` (
  `zbname` varchar(255) NOT NULL,
  `zbinfo` varchar(255) NOT NULL,
  `zbgj` varchar(255) NOT NULL,
  `zbfy` varchar(255) NOT NULL,
  `zbbj` varchar(255) NOT NULL,
  `zbxx` varchar(255) NOT NULL,
  `zbid` int(11) NOT NULL AUTO_INCREMENT,
  `zbhp` varchar(255) NOT NULL,
  `zblv` int(11) NOT NULL,
  `zbtool` int(11) NOT NULL,
  PRIMARY KEY (`zbid`)
) ENGINE=MyISAM  DEFAULT CHARSET=utf8 AUTO_INCREMENT=55 ;

--
-- 转存表中的数据 `zhuangbei`
--

INSERT INTO `zhuangbei` (`zbname`, `zbinfo`, `zbgj`, `zbfy`, `zbbj`, `zbxx`, `zbid`, `zbhp`, `zblv`, `zbtool`) VALUES
('长剑', '出门长剑', '15', '0', '0', '0', 23, '0', 0, 1),
('布甲', '出门布甲', '0', '15', '0', '0', 24, '100', 0, 3),
('吸血鬼节杖', '吸血鬼节杖', '15', '0', '0', '10', 25, '0', 0, 1),
('锁子甲', '锁子甲', '0', '40', '0', '0', 26, '200', 0, 3),
('十字镐', '十字镐', '25', '0', '0', '0', 27, '0', 0, 1),
('守望者铠甲', '守望者铠甲', '0', '40', '0', '0', 28, '260', 0, 3),
('提亚马特', '提亚马特', '20', '0', '0', '15', 29, '0', 0, 1),
('英雄盔', '英雄盔', '0', '30', '10', '0', 30, '50', 0, 2),
('日炎铠甲', '日炎铠甲', '0', '60', '0', '0', 31, '400', 0, 3),
('英雄项链', '英雄项链', '20', '0', '10', '0', 32, '200', 0, 0),
('三相之力', '三相之力', '25', '0', '20', '20', 33, '250', 0, 0),
('水银弯刀', '水银弯刀', '65', '0', '0', '10', 34, '0', 0, 0),
('亡者的板甲', '亡者的板甲', '0', '60', '0', '0', 35, '500', 0, 0),
('幽梦之灵', '幽梦之灵', '60', '0', '0', '0', 36, '0', 0, 0),
('黑色切割者', '黑色切割者', '40', '0', '0', '0', 37, '400', 0, 0),
('兰顿之兆', '兰顿之兆', '0', '60', '0', '0', 38, '600', 0, 0),
('饮血剑', '饮血剑', '80', '0', '0', '20', 39, '0', 0, 0),
('无尽之刃', '无尽之刃', '70', '0', '30', '0', 40, '0', 0, 0),
('天空铠甲', '天空铠甲', '0', '80', '0', '0', 41, '800', 0, 0),
('天空足具', '天空足具', '0', '50', '0', '0', 42, '100', 0, 0),
('天空腰带', '天空腰带', '0', '50', '0', '0', 43, '500', 0, 0),
('天空项链', '天空项链', '40', '0', '30', '0', 44, '100', 0, 0),
('[神器]神秘之剑', '[神器]神秘之剑，由神秘碎片合成', '100', '0', '10', '10', 45, '500', 0, 0),
('勾陈剑', '勾陈剑', '', '', '', '', 49, '', 0, 0),
('勾陈盔', '勾陈盔', '', '', '', '', 50, '', 0, 0),
('勾陈铠', '勾陈铠', '', '', '', '', 51, '', 0, 0),
('勾陈腰带', '勾陈腰带', '', '', '', '', 52, '', 0, 0),
('勾陈饰品', '勾陈饰品', '', '', '', '', 53, '', 0, 0),
('勾陈靴', '勾陈鞋', '', '', '', '', 54, '', 0, 0);

-- --------------------------------------------------------

--
-- 表的结构 `zhurenwu`
--

CREATE TABLE IF NOT EXISTS `zhurenwu` (
  `zrwname` varchar(255) NOT NULL,
  `zrwid` int(11) NOT NULL,
  `zrwyq` varchar(255) NOT NULL,
  `yqcount` varchar(255) NOT NULL,
  `zrwjldj` varchar(255) NOT NULL,
  `zrwjlzb` varchar(255) NOT NULL,
  `zrwjlyp` varchar(255) NOT NULL,
  `zrwjljn` varchar(255) NOT NULL,
  `lastid` int(11) NOT NULL,
  `zrwexp` int(11) NOT NULL,
  `zrwyxb` int(11) NOT NULL,
  PRIMARY KEY (`zrwid`)
) ENGINE=MyISAM DEFAULT CHARSET=utf8;

/*!40101 SET CHARACTER_SET_CLIENT=@OLD_CHARACTER_SET_CLIENT */;
/*!40101 SET CHARACTER_SET_RESULTS=@OLD_CHARACTER_SET_RESULTS */;
/*!40101 SET COLLATION_CONNECTION=@OLD_COLLATION_CONNECTION */;
